universe,horizon,metric,delta,ci_low,ci_high,p_value,significant_at_5pct
all tickers (n=87),h1,rmse,-2.165738563871325e-05,-3.735571394719497e-05,-7.228524749351289e-06,0.004,True
all tickers (n=87),h1,mae,-9.307029818010973e-06,-1.8498420174543462e-05,-7.300433210032143e-07,0.031,True
all tickers (n=87),h1,dir_acc,-0.0007784651944114374,-0.004751688558288408,0.0029088942533559603,0.676,False
all tickers (n=87),h3,rmse,7.338445621417333e-06,-2.2541050554389982e-05,3.8986501589558736e-05,0.623,False
all tickers (n=87),h3,mae,-8.196183827982595e-06,-2.6311152288042548e-05,9.25796136773222e-06,0.366,False
all tickers (n=87),h3,dir_acc,0.0013456754883170996,-0.0023242822385212054,0.0050157200037426125,0.468,False
high-coverage (n=11),h1,rmse,-6.744784410938481e-05,-0.0001606321751999048,2.7213466615814545e-05,0.151,False
high-coverage (n=11),h1,mae,-2.4283838798155877e-05,-8.677558496357662e-05,3.8863178255491426e-05,0.445,False
high-coverage (n=11),h1,dir_acc,-0.016478190630048517,-0.031684704936113646,-0.001621192374044545,0.027,True
high-coverage (n=11),h3,rmse,-0.0001588716295487097,-0.00029061537817918256,-3.187207000758098e-05,0.01,True
high-coverage (n=11),h3,mae,-4.7290839870848395e-05,-0.00014911754742317156,5.729855735373877e-05,0.387,False
high-coverage (n=11),h3,dir_acc,-0.005482102547565315,-0.018734152874029717,0.008049002346505104,0.446,False
