ticker,n_sessions,n_sessions_with_tweets,coverage_rate,total_tweets,mean_tweets_per_covered_session
AAPL,566,544,0.9611,20707.0,38.06
ABB,566,87,0.1537,100.0,1.15
ABBV,566,355,0.6272,886.0,2.5
AEP,566,151,0.2668,222.0,1.47
AGFS,342,7,0.0205,7.0,1.0
AMGN,566,375,0.6625,967.0,2.58
AMZN,566,536,0.947,7124.0,13.29
BA,566,410,0.7244,1079.0,2.63
BABA,386,350,0.9067,3388.0,9.68
BAC,566,507,0.8958,2534.0,5.0
BBL,566,79,0.1396,91.0,1.15
BCH,566,11,0.0194,11.0,1.0
BHP,566,250,0.4417,396.0,1.58
BP,566,339,0.5989,669.0,1.97
BRK-A,566,12,0.0212,14.0,1.17
BSAC,566,17,0.03,19.0,1.12
BUD,566,144,0.2544,222.0,1.54
C,566,517,0.9134,2410.0,4.66
CAT,566,387,0.6837,1148.0,2.97
CELG,566,441,0.7792,1425.0,3.23
CHL,566,127,0.2244,235.0,1.85
CHTR,566,183,0.3233,311.0,1.7
CMCSA,566,323,0.5707,716.0,2.22
CODI,566,33,0.0583,34.0,1.03
CSCO,566,459,0.811,1560.0,3.4
CVX,566,420,0.742,1269.0,3.02
D,566,507,0.8958,5062.0,9.98
DHR,566,129,0.2279,183.0,1.42
DIS,566,446,0.788,1937.0,4.34
DUK,566,176,0.311,265.0,1.51
EXC,566,189,0.3339,280.0,1.48
FB,566,540,0.9541,11762.0,21.78
GD,566,202,0.3569,304.0,1.5
GE,566,481,0.8498,1921.0,3.99
GOOG,566,542,0.9576,7560.0,13.95
HD,566,375,0.6625,997.0,2.66
HON,566,186,0.3286,303.0,1.63
HRG,566,33,0.0583,36.0,1.09
HSBC,566,101,0.1784,133.0,1.32
IEP,566,81,0.1431,102.0,1.26
INTC,566,485,0.8569,1975.0,4.07
JNJ,566,443,0.7827,1335.0,3.01
JPM,566,490,0.8657,2111.0,4.31
KO,566,423,0.7473,1500.0,3.55
LMT,566,266,0.47,453.0,1.7
MA,566,337,0.5954,722.0,2.14
MCD,566,434,0.7668,1648.0,3.8
MDT,566,225,0.3975,409.0,1.82
MMM,566,298,0.5265,545.0,1.83
MO,566,296,0.523,582.0,1.97
MRK,566,392,0.6926,1082.0,2.76
MSFT,566,529,0.9346,3567.0,6.74
NEE,566,159,0.2809,236.0,1.48
NGG,566,38,0.0671,42.0,1.11
NVS,566,217,0.3834,327.0,1.51
ORCL,566,334,0.5901,748.0,2.24
PCG,566,140,0.2473,213.0,1.52
PCLN,566,493,0.871,2564.0,5.2
PEP,566,289,0.5106,598.0,2.07
PFE,566,427,0.7544,1540.0,3.61
PG,566,359,0.6343,947.0,2.64
PICO,566,25,0.0442,26.0,1.04
PM,566,199,0.3516,308.0,1.55
PPL,566,137,0.242,190.0,1.39
PTR,566,52,0.0919,64.0,1.23
RDS-B,566,3,0.0053,3.0,1.0
REX,566,79,0.1396,88.0,1.11
SLB,566,277,0.4894,518.0,1.87
SNP,566,30,0.053,32.0,1.07
SNY,566,180,0.318,268.0,1.49
SO,566,215,0.3799,347.0,1.61
SPLP,566,9,0.0159,9.0,1.0
SRE,566,98,0.1731,128.0,1.31
T,566,542,0.9576,5619.0,10.37
TM,566,151,0.2668,224.0,1.48
TOT,566,126,0.2226,180.0,1.43
TSM,566,122,0.2155,138.0,1.13
UL,566,71,0.1254,98.0,1.38
UN,566,85,0.1502,120.0,1.41
UNH,566,303,0.5353,626.0,2.07
UPS,566,233,0.4117,368.0,1.58
UTX,566,269,0.4753,516.0,1.92
V,566,427,0.7544,1361.0,3.19
VZ,566,431,0.7615,1147.0,2.66
WFC,566,414,0.7314,1067.0,2.58
WMT,566,441,0.7792,1748.0,3.96
XOM,566,464,0.8198,1874.0,4.04
