universe,target,model,n,rmse,mae,dir_acc
all tickers (n=87),ret_fwd_1,Zero baseline,24621,0.016240118443952938,0.011370160143304706,0.0
all tickers (n=87),ret_fwd_1,Naive persistence,24621,0.022861596125115114,0.016373682261201568,0.48465604129962714
all tickers (n=87),ret_fwd_1,XGBoost (market-only),24621,0.01632834583739958,0.011456379554501806,0.49272749621010364
all tickers (n=87),ret_fwd_1,XGBoost (market + sentiment),24621,0.016306688451760868,0.011447072524683796,0.4919490310156922
all tickers (n=87),ret_fwd_3,Zero baseline,24621,0.02820478651139771,0.0198226998406126,0.0
all tickers (n=87),ret_fwd_3,Naive persistence,24621,0.032757551459415876,0.0234135709875295,0.48501406842555966
all tickers (n=87),ret_fwd_3,XGBoost (market-only),24621,0.02832491688264644,0.019929820655553397,0.5010806181951637
all tickers (n=87),ret_fwd_3,XGBoost (market + sentiment),24621,0.028332255328267858,0.019921624471725415,0.5024262936834808
high-coverage (n=11),ret_fwd_1,Zero baseline,3113,0.01778161371203396,0.012246196967680874,0.0
high-coverage (n=11),ret_fwd_1,Naive persistence,3113,0.02462605897363588,0.017698684887121213,0.4852988691437803
high-coverage (n=11),ret_fwd_1,XGBoost (market-only),3113,0.018162166507009747,0.012541073559527246,0.5153473344103393
high-coverage (n=11),ret_fwd_1,XGBoost (market + sentiment),3113,0.018094718662900362,0.01251678972072909,0.4988691437802908
high-coverage (n=11),ret_fwd_3,Zero baseline,3113,0.031217360977429828,0.02183769625278684,0.0
high-coverage (n=11),ret_fwd_3,Naive persistence,3113,0.03595539462766268,0.025678357825515134,0.4853273137697517
high-coverage (n=11),ret_fwd_3,XGBoost (market-only),3113,0.031960808243778435,0.022281865464359292,0.5120928732666882
high-coverage (n=11),ret_fwd_3,XGBoost (market + sentiment),3113,0.031801936614229726,0.022234574624488444,0.5066107707191229
