n,rmse,mae,dir_acc,ticker,model,space,mape
282,0.02460807181364481,0.018727298680788384,0.44680851063829785,AAPL,Naive persistence,return,
282,0.016886213065481815,0.012568052540208147,0.0,AAPL,Zero baseline,return,
282,0.016967503342677662,0.012668067256396458,0.4716312056737589,AAPL,ARIMA (per-ticker),return,
0,,,,AAPL,Prophet (per-ticker),return,
282,1.8363593103986722,1.3842185815602837,,AAPL,Random walk (price),price,0.012596480317366316
282,0.0265767852778909,0.018949150270804554,0.49466192170818507,FB,Naive persistence,return,
282,0.019581699704185985,0.013555095600562462,0.0,FB,Zero baseline,return,
282,0.019494897054706393,0.013438402395591284,0.5658362989323843,FB,ARIMA (per-ticker),return,
0,,,,FB,Prophet (per-ticker),return,
282,1.8628826325056216,1.2801065354609933,,FB,Random walk (price),price,0.013482781098985477
282,0.0307401488075802,0.021069337460792165,0.4858156028368794,AMZN,Naive persistence,return,
282,0.021839871602677113,0.014445303395133802,0.0,AMZN,Zero baseline,return,
282,0.02181615310799784,0.01444303789292431,0.5141843971631206,AMZN,ARIMA (per-ticker),return,
0,,,,AMZN,Prophet (per-ticker),return,
282,11.460850926868565,7.5398215638297845,,AMZN,Random walk (price),price,0.014344357679616847
282,0.01492291823089736,0.011686194467825432,0.5017921146953405,D,Naive persistence,return,
282,0.010304169893256762,0.007850274764732197,0.0,D,Zero baseline,return,
282,0.01031676089482261,0.007839852673781773,0.5483870967741935,D,ARIMA (per-ticker),return,
0,,,,D,Prophet (per-ticker),return,
282,0.6716540165446151,0.5098527340425533,,D,Random walk (price),price,0.007859850986767038
282,0.025610242055653498,0.0194024776663401,0.4468864468864469,BAC,Naive persistence,return,
282,0.018269003343486856,0.013429413897880068,0.0,BAC,Zero baseline,return,
282,0.0182928159579581,0.013462009424488903,0.4652014652014652,BAC,ARIMA (per-ticker),return,
0,,,,BAC,Prophet (per-ticker),return,
282,0.2684210995659789,0.20258576241134743,,BAC,Random walk (price),price,0.01345263885970074
282,0.017567143475361233,0.013273894022237429,0.49642857142857144,PFE,Naive persistence,return,
282,0.012465856196940236,0.009394231856837118,0.0,PFE,Zero baseline,return,
282,0.012483226930138926,0.009444612196340657,0.44642857142857145,PFE,ARIMA (per-ticker),return,
0,,,,PFE,Prophet (per-ticker),return,
282,0.37778807996848307,0.2854081595744679,,PFE,Random walk (price),price,0.00939195959913853
282,0.020654655720823804,0.014670824627698942,0.4244604316546763,GE,Naive persistence,return,
282,0.014534101237362674,0.010025782097361682,0.0,GE,Zero baseline,return,
282,0.014531583885375322,0.010020998259334467,0.5359712230215827,GE,ARIMA (per-ticker),return,
0,,,,GE,Prophet (per-ticker),return,
282,0.36656033316102826,0.2574544432624113,,GE,Random walk (price),price,0.009968921731326418
282,0.02087684749009482,0.015437459433179087,0.4857142857142857,XOM,Naive persistence,return,
282,0.014816176091236507,0.010710199976071805,0.0,XOM,Zero baseline,return,
282,0.014939043193076559,0.010796703008865483,0.475,XOM,ARIMA (per-ticker),return,
0,,,,XOM,Prophet (per-ticker),return,
282,1.0795058916927913,0.7939890000000008,,XOM,Random walk (price),price,0.010698567484819385
282,0.028750904705742333,0.020398401950882633,0.5088967971530249,IEP,Naive persistence,return,
282,0.022248359402405042,0.014921925518233958,0.0,IEP,Zero baseline,return,
282,0.02225742125778494,0.0149013744401932,0.5373665480427047,IEP,ARIMA (per-ticker),return,
0,,,,IEP,Prophet (per-ticker),return,
282,1.174495235774804,0.8415792517730496,,IEP,Random walk (price),price,0.014941888768290916
282,0.02500047248110929,0.01745874144481969,0.4787234042553192,GOOG,Naive persistence,return,
282,0.018518509128945794,0.011950826935381163,0.0,GOOG,Zero baseline,return,
282,0.018514591410576733,0.011959677516020386,0.49645390070921985,GOOG,ARIMA (per-ticker),return,
0,,,,GOOG,Prophet (per-ticker),return,
282,11.655373832946891,7.620885769503544,,GOOG,Random walk (price),price,0.011839035845147589
