universe,horizon,dimension,subgroup,n,rmse_market,rmse_sentiment,rmse_delta,rmse_rel_pct,rmse_p,rmse_sig,diracc_market,diracc_sentiment,diracc_delta,diracc_p,diracc_sig
all tickers (n=87),1d,trailing volatility,low,8207,0.011489571535551859,0.011487899879296678,-1.6716562551803704e-06,-0.014549335020960629,0.652,False,0.48127156234598323,0.4827501232134056,0.0014785608674223738,0.652,False
all tickers (n=87),1d,trailing volatility,mid,8207,0.014472371990939816,0.014463171078824565,-9.200912115250523e-06,-0.06357570217937045,0.196,False,0.49993856739157144,0.4941639021992874,-0.005774665192284034,0.088,False
all tickers (n=87),1d,trailing volatility,high,8207,0.021409923592635025,0.02136747770552907,-4.244588710595673e-05,-0.19825333295705005,0.009,True,0.4969332679097154,0.49889597644749756,0.001962708537782132,0.602,False
all tickers (n=87),1d,ticker tweet volume,low,8207,0.01882532634354609,0.01880151510465429,-2.3811238891800757e-05,-0.12648513208889997,0.118,False,0.49364119027040376,0.49388813433757256,0.00024694406716879724,0.987,False
all tickers (n=87),1d,ticker tweet volume,mid,8207,0.013965841611026247,0.013949082666036863,-1.6758944989384017e-05,-0.11999953498078177,0.094,False,0.48908243375858684,0.4855250245338567,-0.0035574092247301348,0.284,False
all tickers (n=87),1d,ticker tweet volume,high,8207,0.01582425320550357,0.015800328709678808,-2.3924495824761277e-05,-0.15118878290218776,0.048,True,0.4954634624816086,0.4964443354585581,0.0009808729769494873,0.788,False
all tickers (n=87),3d,trailing volatility,low,8207,0.0202186230285132,0.02020096297197215,-1.7660056541048824e-05,-0.08734549586360964,0.011,True,0.48585772009305744,0.4963879025345904,0.010530182441532976,0.003,True
all tickers (n=87),3d,trailing volatility,mid,8207,0.02496186045633563,0.0249589374932379,-2.9229630977324617e-06,-0.011709716520711408,0.785,False,0.5133912192735722,0.5100892747951572,-0.003301944478415031,0.291,False
all tickers (n=87),3d,trailing volatility,high,8207,0.037081202173281695,0.03710960266793678,2.8400494655085595e-05,0.07659000515239267,0.419,False,0.5039735909035334,0.5007947181807066,-0.0031788727228267977,0.362,False
all tickers (n=87),3d,ticker tweet volume,low,8207,0.03329570940946147,0.033328848327426705,3.3138917965233605e-05,0.09952909414753809,0.326,False,0.49080206033848417,0.48761344125582534,-0.003188619082658828,0.352,False
all tickers (n=87),3d,ticker tweet volume,mid,8207,0.023620950143823646,0.023607960366844812,-1.2989776978833412e-05,-0.05499260994896918,0.44,False,0.5048247221204348,0.5101990961280078,0.005374374007573013,0.107,False
all tickers (n=87),3d,ticker tweet volume,high,8207,0.027209358655620394,0.027202980580137863,-6.378075482531276e-06,-0.023440741706764977,0.789,False,0.5075776093864581,0.509410901979956,0.0018332925934978483,0.58,False
high-coverage (n=11),1d,trailing volatility,low,1038,0.012407196497144321,0.012447392111065674,4.0195613921352805e-05,0.32397015659907014,0.408,False,0.5058027079303675,0.5038684719535783,-0.0019342359767892114,0.938,False
high-coverage (n=11),1d,trailing volatility,mid,1037,0.018246174026359637,0.018322057662493976,7.588363613433846e-05,0.415887933682491,0.375,False,0.539282250242483,0.49078564500484967,-0.04849660523763333,0.001,True
high-coverage (n=11),1d,trailing volatility,high,1038,0.022421740159263497,0.022172711583940106,-0.00024902857532339145,-1.1106567713055304,0.003,True,0.5009708737864078,0.5019417475728155,0.0009708737864076999,0.954,False
high-coverage (n=11),1d,ticker tweet volume,high,3113,0.018162166507009747,0.018094718662900362,-6.744784410938481e-05,-0.3713645290244041,0.151,False,0.5153473344103393,0.4988691437802908,-0.016478190630048517,0.027,True
high-coverage (n=11),3d,trailing volatility,low,1038,0.02367952170305127,0.023724495832980013,4.4974129928744555e-05,0.18992837141195015,0.592,False,0.5033881897386253,0.5072604065827686,0.0038722168441432947,0.739,False
high-coverage (n=11),3d,trailing volatility,mid,1037,0.031446506324713006,0.031319993708906174,-0.00012651261580683137,-0.40231056035438933,0.15,False,0.49660523763336567,0.489815712900097,-0.006789524733268659,0.594,False
high-coverage (n=11),3d,trailing volatility,high,1038,0.03892102087562881,0.03860397002005468,-0.00031705085557413165,-0.8146005640172185,0.016,True,0.5361620057859209,0.5226615236258437,-0.013500482160077154,0.228,False
high-coverage (n=11),3d,ticker tweet volume,high,3113,0.031960808243778435,0.031801936614229726,-0.0001588716295487097,-0.4970826405168775,0.01,True,0.5120928732666882,0.5066107707191229,-0.005482102547565315,0.446,False
